[{"model": "datasets.author", "pk": 1, "fields": {"givenName": "Laurence", "familyName": "Vauthier", "url": null}}, {"model": "datasets.author", "pk": 2, "fields": {"givenName": "Dimitri", "familyName": "Leemans", "url": "http://homepages.ulb.ac.be/~dleemans/"}}, {"model": "datasets.author", "pk": 3, "fields": {"givenName": "Michael", "familyName": "Hartley", "url": "http://dr-mikes-maths.com/maths.html"}}, {"model": "datasets.author", "pk": 4, "fields": {"givenName": "Isabel", "familyName": "Hubard", "url": "https://www.matem.unam.mx/fsd/hubard"}}, {"model": "datasets.author", "pk": 5, "fields": {"givenName": "Alexander", "familyName": "Hulpke", "url": "http://www.math.colostate.edu/~hulpke/"}}, {"model": "datasets.author", "pk": 6, "fields": {"givenName": "Thomas", "familyName": "Connor", "url": null}}, {"model": "datasets.author", "pk": 7, "fields": {"givenName": "Martin", "familyName": "Malandro", "url": "https://www.shsu.edu/mem037/"}}, {"model": "datasets.author", "pk": 8, "fields": {"givenName": "Peter", "familyName": "Jipsen", "url": "http://www1.chapman.edu/~jipsen/"}}, {"model": "datasets.author", "pk": 9, "fields": {"givenName": "Jukka", "familyName": "Kohonen", "url": ""}}, {"model": "datasets.author", "pk": 10, "fields": {"givenName": "Primo\u017e", "familyName": "Poto\u010dnik", "url": "https://www.fmf.uni-lj.si/~potocnik/work.htm"}}, {"model": "datasets.author", "pk": 11, "fields": {"givenName": "Steve", "familyName": "Wilson", "url": "http://jan.ucc.nau.edu/~swilson/"}}, {"model": "datasets.author", "pk": 12, "fields": {"givenName": "Ronald", "familyName": "Read", "url": null}}, {"model": "datasets.author", "pk": 13, "fields": {"givenName": "Robin", "familyName": "Wilson", "url": null}}, {"model": "datasets.author", "pk": 14, "fields": {"givenName": "Reza", "familyName": "Jooyandeh", "url": null}}, {"model": "datasets.author", "pk": 15, "fields": {"givenName": "Sriram", "familyName": "Pemmaraju", "url": null}}, {"model": "datasets.author", "pk": 16, "fields": {"givenName": "Steven", "familyName": "Skiena", "url": null}}, {"model": "datasets.author", "pk": 17, "fields": {"givenName": "Markus", "familyName": "Meringer", "url": null}}, {"model": "datasets.author", "pk": 18, "fields": {"givenName": "Ted", "familyName": "Spence", "url": null}}, {"model": "datasets.author", "pk": 19, "fields": {"givenName": "Bernardo", "familyName": "Rodrigues", "url": null}}, {"model": "datasets.author", "pk": 20, "fields": {"givenName": "Izumi", "familyName": "Miyamoto", "url": null}}, {"model": "datasets.author", "pk": 21, "fields": {"givenName": "Akihide", "familyName": "Hanaki", "url": null}}, {"model": "datasets.author", "pk": 22, "fields": {"givenName": "Chris", "familyName": "van Tienhoven", "url": null}}, {"model": "datasets.author", "pk": 23, "fields": {"givenName": "Bill", "familyName": "Allombert", "url": null}}, {"model": "datasets.author", "pk": 24, "fields": {"givenName": "Igor", "familyName": "Schein", "url": null}}, {"model": "datasets.author", "pk": 25, "fields": {"givenName": "Robert", "familyName": "Wilson", "url": null}}, {"model": "datasets.author", "pk": 26, "fields": {"givenName": "Peter", "familyName": "Walsh", "url": null}}, {"model": "datasets.author", "pk": 27, "fields": {"givenName": "Jonathan", "familyName": "Tripp", "url": null}}, {"model": "datasets.author", "pk": 28, "fields": {"givenName": "Ibrahim", "familyName": "Suleiman", "url": null}}, {"model": "datasets.author", "pk": 29, "fields": {"givenName": "Richard", "familyName": "Parker", "url": null}}, {"model": "datasets.author", "pk": 30, "fields": {"givenName": "Simon", "familyName": "Norton", "url": null}}, {"model": "datasets.author", "pk": 31, "fields": {"givenName": "Simon", "familyName": "Nickerson", "url": null}}, {"model": "datasets.author", "pk": 32, "fields": {"givenName": "Steve", "familyName": "Linton", "url": null}}, {"model": "datasets.author", "pk": 33, "fields": {"givenName": "John", "familyName": "Bray", "url": null}}, {"model": "datasets.author", "pk": 34, "fields": {"givenName": "Rachel", "familyName": "Abbott", "url": null}}, {"model": "datasets.author", "pk": 35, "fields": {"givenName": "Bridget", "familyName": "Tenner", "url": "http://math.depaul.edu/bridget/"}}, {"model": "datasets.author", "pk": 36, "fields": {"givenName": "Sebastian", "familyName": "Freundt", "url": null}}, {"model": "datasets.author", "pk": 37, "fields": {"givenName": "Sebastian", "familyName": "Pauli", "url": null}}, {"model": "datasets.author", "pk": 38, "fields": {"givenName": "Robert", "familyName": "Fraatz", "url": null}}, {"model": "datasets.author", "pk": 39, "fields": {"givenName": "Jason", "familyName": "Grout", "url": null}}, {"model": "datasets.author", "pk": 40, "fields": {"givenName": "Katja", "familyName": "Ber\u010di\u010d", "url": null}}, {"model": "datasets.author", "pk": 41, "fields": {"givenName": "Jano\u0161", "familyName": "Vidali", "url": null}}, {"model": "datasets.author", "pk": 42, "fields": {"givenName": "Hans Ulrich", "familyName": "Besche", "url": null}}, {"model": "datasets.author", "pk": 43, "fields": {"givenName": "Bettina", "familyName": "Eick", "url": null}}, {"model": "datasets.author", "pk": 44, "fields": {"givenName": "Eamonn", "familyName": "O'Brien", "url": null}}, {"model": "datasets.author", "pk": 45, "fields": {"givenName": "David", "familyName": "Kohel", "url": "http://iml.univ-mrs.fr/~kohel/"}}, {"model": "datasets.author", "pk": 46, "fields": {"givenName": "John", "familyName": "Jones", "url": "https://hobbes.la.asu.edu/"}}, {"model": "datasets.author", "pk": 47, "fields": {"givenName": "David P.", "familyName": "Roberts", "url": null}}, {"model": "datasets.author", "pk": 48, "fields": {"givenName": "Petteri", "familyName": "Kaski", "url": null}}, {"model": "datasets.author", "pk": 49, "fields": {"givenName": "Patric", "familyName": "\u00d6sterg\u00e5rd", "url": "https://users.aalto.fi/~pat/"}}, {"model": "datasets.author", "pk": 50, "fields": {"givenName": "Andries", "familyName": "Brouwer", "url": "https://www.win.tue.nl/~aeb/"}}, {"model": "datasets.author", "pk": 51, "fields": {"givenName": "Marston", "familyName": "Conder", "url": "https://www.math.auckland.ac.nz/~conder/"}}, {"model": "datasets.author", "pk": 52, "fields": {"givenName": "Gordon", "familyName": "Royle", "url": "https://research-repository.uwa.edu.au/en/persons/gordon-royle"}}, {"model": "datasets.author", "pk": 53, "fields": {"givenName": "Brendan", "familyName": "McKay", "url": "http://users.cecs.anu.edu.au/~bdm/"}}, {"model": "datasets.author", "pk": 54, "fields": {"givenName": "Ian", "familyName": "Wanless", "url": "http://users.monash.edu.au/~iwanless/"}}, {"model": "datasets.author", "pk": 55, "fields": {"givenName": "J\u00fcrgen", "familyName": "Kl\u00fcners", "url": "http://www2.math.uni-paderborn.de/people/juergen-klueners.html"}}, {"model": "datasets.author", "pk": 56, "fields": {"givenName": "Gunter", "familyName": "Malle", "url": "http://www.mathematik.uni-kl.de/~malle/en/index.html"}}, {"model": "datasets.author", "pk": 57, "fields": {"givenName": "Clark", "familyName": "Kimberling", "url": "http://faculty.evansville.edu/ck6/"}}, {"model": "datasets.author", "pk": 58, "fields": {"givenName": "Bernard", "familyName": "Gibert", "url": "http://bernard.gibert.pagesperso-orange.fr/index.html"}}, {"model": "datasets.author", "pk": 59, "fields": {"givenName": "George W.", "familyName": "Hart", "url": "http://www.georgehart.com/index.html"}}, {"model": "datasets.author", "pk": 60, "fields": {"givenName": "Peter", "familyName": "Dobcs\u00e1nyi", "url": null}}, {"model": "datasets.author", "pk": 61, "fields": {"givenName": "Chuck", "familyName": "Livingston", "url": "http://php.indiana.edu/~livingst/"}}, {"model": "datasets.author", "pk": 62, "fields": {"givenName": "Robert", "familyName": "Bailey", "url": "http://www2.grenfell.mun.ca/rbailey"}}, {"model": "datasets.author", "pk": 63, "fields": {"givenName": "Adam", "familyName": "Jackson", "url": null}}, {"model": "datasets.author", "pk": 64, "fields": {"givenName": "Courtney ", "familyName": "Weir", "url": null}}, {"model": "datasets.author", "pk": 65, "fields": {"givenName": "Ivo", "familyName": "Dinov", "url": "http://www.socr.umich.edu/people/dinov/"}}, {"model": "datasets.author", "pk": 66, "fields": {"givenName": "Dennis", "familyName": "Pearl", "url": "http://www.stat.osu.edu/~dkp/"}}, {"model": "datasets.author", "pk": 67, "fields": {"givenName": "Kyle", "familyName": "Siegrist ", "url": "http://www.math.uah.edu/~siegrist/"}}, {"model": "datasets.author", "pk": 68, "fields": {"givenName": "Tim", "familyName": "Davis", "url": "http://faculty.cse.tamu.edu/davis"}}, {"model": "datasets.author", "pk": 69, "fields": {"givenName": "Yifan", "familyName": "Hu", "url": "http://yifanhu.net/"}}, {"model": "datasets.author", "pk": 70, "fields": {"givenName": "Scott", "familyName": "Kolodziej", "url": "http://www.scottkolo.com/"}}, {"model": "datasets.author", "pk": 71, "fields": {"givenName": "Maximilian", "familyName": "Kreuzer", "url": "http://hep.itp.tuwien.ac.at/~kreuzer/"}}, {"model": "datasets.author", "pk": 72, "fields": {"givenName": "Harald", "familyName": "Skarke", "url": null}}, {"model": "datasets.author", "pk": 73, "fields": {"givenName": "Gavin", "familyName": "Brown", "url": "http://www-staff.lboro.ac.uk/~magdb/"}}, {"model": "datasets.author", "pk": 74, "fields": {"givenName": "Alexander", "familyName": "Kasprzyk", "url": "http://magma.maths.usyd.edu.au/~kasprzyk/"}}, {"model": "datasets.author", "pk": 75, "fields": {"givenName": "Ross", "familyName": "Altman", "url": null}}, {"model": "datasets.author", "pk": 76, "fields": {"givenName": "James", "familyName": "Gray", "url": null}}, {"model": "datasets.author", "pk": 77, "fields": {"givenName": "Yang-Hui", "familyName": "He", "url": null}}, {"model": "datasets.author", "pk": 78, "fields": {"givenName": "Vishnu", "familyName": "Jejjala", "url": null}}, {"model": "datasets.author", "pk": 79, "fields": {"givenName": "Brent D.", "familyName": "Nelson", "url": null}}, {"model": "datasets.author", "pk": 80, "fields": {"givenName": "Ryan C.", "familyName": "Schwiebert", "url": "https://www.researchgate.net/profile/Ryan_Schwiebert"}}, {"model": "datasets.author", "pk": 81, "fields": {"givenName": "Lukas", "familyName": "Finschi", "url": null}}, {"model": "datasets.author", "pk": 82, "fields": {"givenName": "Dan", "familyName": "Gordon", "url": "https://www.dmgordon.org/"}}, {"model": "datasets.author", "pk": 83, "fields": {"givenName": "Markus", "familyName": "Grassl", "url": "http://www.markus-grassl.de/"}}, {"model": "datasets.author", "pk": 84, "fields": {"givenName": "Cheryl A.", "familyName": "Gann", "url": null}}, {"model": "datasets.author", "pk": 85, "fields": {"givenName": "Robert A.", "familyName": "Proctor", "url": null}}, {"model": "datasets.author", "pk": 86, "fields": {"givenName": "Yoshitake", "familyName": "Matsumoto", "url": "http://www-imai.is.s.u-tokyo.ac.jp/~ymatsu/"}}, {"model": "datasets.author", "pk": 87, "fields": {"givenName": "Sonoko", "familyName": "Moriyama", "url": "http://www.is.chs.nihon-u.ac.jp/moriyama/"}}, {"model": "datasets.author", "pk": 88, "fields": {"givenName": "Hiroshi", "familyName": "Imai", "url": null}}, {"model": "datasets.author", "pk": 89, "fields": {"givenName": "David", "familyName": "Bremner", "url": "https://www.researchgate.net/scientific-contributions/7303453_David_Bremner"}}, {"model": "datasets.author", "pk": 90, "fields": {"givenName": "Fredrik", "familyName": "Johansson", "url": "http://fredrikj.net/"}}, {"model": "datasets.author", "pk": 91, "fields": {"givenName": "Volker", "familyName": "Gebhardt", "url": "https://researchdata.ands.org.au/dr-volker-gebhardt/1355262"}}, {"model": "datasets.author", "pk": 92, "fields": {"givenName": "Stephen", "familyName": "Tawn", "url": "https://researchdata.ands.org.au/dr-stephen-tawn/1355266"}}, {"model": "datasets.author", "pk": 93, "fields": {"givenName": "Neil", "familyName": "Sloane", "url": "http://neilsloane.com/"}}, {"model": "datasets.author", "pk": 94, "fields": {"givenName": "Gabriele", "familyName": "Nebe", "url": "http://www.math.rwth-aachen.de/~Gabriele.Nebe/"}}, {"model": "datasets.author", "pk": 95, "fields": {"givenName": "Renaud", "familyName": "Coulangeon", "url": "http://www.math.u-bordeaux1.fr/~rcoulang/"}}, {"model": "datasets.author", "pk": 96, "fields": {"givenName": "Oliver", "familyName": "Braun", "url": "http://www.math.rwth-aachen.de/~Oliver.Braun"}}, {"model": "datasets.author", "pk": 97, "fields": {"givenName": "Sebastian", "familyName": "Sch\u00f6nnenbeck", "url": "http://www.math.rwth-aachen.de/~Sebastian.Schoennenbeck"}}, {"model": "datasets.author", "pk": 98, "fields": {"givenName": "Patrick W.", "familyName": "Fowler", "url": "https://www.sheffield.ac.uk/chemistry/staff/profiles/patrick_fowler"}}, {"model": "datasets.author", "pk": 99, "fields": {"givenName": "David", "familyName": "Manolopoulos", "url": "http://manolopoulos.chem.ox.ac.uk/"}}, {"model": "datasets.author", "pk": 100, "fields": {"givenName": "Felix", "familyName": "Huber", "url": "https://orcid.org/0000-0002-3856-4018"}}, {"model": "datasets.author", "pk": 101, "fields": {"givenName": "Nikolai", "familyName": "Wyderka", "url": "https://www.physik.uni-siegen.de/tqo/members/wyderka/index.xml"}}, {"model": "datasets.reference", "pk": 1, "fields": {"type": "doi", "value": "10.1007/s00010-006-2843-9"}}, {"model": "datasets.reference", "pk": 2, "fields": {"type": "doi", "value": "10.1007/s10998-006-0028-x"}}, {"model": "datasets.reference", "pk": 3, "fields": {"type": "web", "value": "https://amc-journal.eu/index.php/amc/article/view/204/192"}}, {"model": "datasets.reference", "pk": 4, "fields": {"type": "web", "value": "https://amc-journal.eu/index.php/amc/article/view/204/192"}}, {"model": "datasets.reference", "pk": 5, "fields": {"type": "rg", "value": "260908716_Polytopes_Derived_from_Sporadic_Simple_Groups"}}, {"model": "datasets.reference", "pk": 6, "fields": {"type": "doi", "value": "10.26493/1855-3974.455.422"}}, {"model": "datasets.reference", "pk": 7, "fields": {"type": "arxiv", "value": "arxiv:1608.04158"}}, {"model": "datasets.reference", "pk": 8, "fields": {"type": "isbn", "value": "ISBN:0198526504"}}, {"model": "datasets.reference", "pk": 9, "fields": {"type": "doi", "value": "10.1112/S1461157014000424"}}, {"model": "datasets.reference", "pk": 10, "fields": {"type": "doi", "value": "10.1090/S0025-5718-04-01626-6"}}, {"model": "datasets.reference", "pk": 11, "fields": {"type": "isbn", "value": "ISBN:9789082750010"}}, {"model": "datasets.reference", "pk": 12, "fields": {"type": "isbn", "value": "ISBN:9789082750027"}}, {"model": "datasets.reference", "pk": 13, "fields": {"type": "doi", "value": "10.1007/s00180-015-0594-6"}}, {"model": "datasets.reference", "pk": 14, "fields": {"type": "arxiv", "value": "hep-th/0002240"}}, {"model": "datasets.reference", "pk": 15, "fields": {"type": "arxiv", "value": "1411.1418"}}, {"model": "datasets.reference", "pk": 16, "fields": {"type": "doi", "value": "10.1007/978-3-540-37634-7_13"}}, {"model": "datasets.reference", "pk": 17, "fields": {"type": "doi", "value": "10.1007/s00454-011-9388-y"}}, {"model": "datasets.reference", "pk": 18, "fields": {"type": "doi", "value": "10.1016/j.jalgebra.2018.10.017"}}, {"model": "datasets.reference", "pk": 19, "fields": {"type": "isbn", "value": "ISBN:9780198557876"}}, {"model": "datasets.reference", "pk": 20, "fields": {"type": "doi", "value": "10.1088/1751-8121/aaade5"}}, {"model": "datasets.tag", "pk": 1, "fields": {"name": "abstract polytope", "type": null}}, {"model": "datasets.tag", "pk": 2, "fields": {"name": "lattice", "type": null}}, {"model": "datasets.tag", "pk": 3, "fields": {"name": "graph", "type": null}}, {"model": "datasets.tag", "pk": 4, "fields": {"name": "geometry (object)", "type": null}}, {"model": "datasets.tag", "pk": 5, "fields": {"name": "association scheme", "type": null}}, {"model": "datasets.tag", "pk": 6, "fields": {"name": "quadri-figure", "type": null}}, {"model": "datasets.tag", "pk": 7, "fields": {"name": "Galois polynomial", "type": null}}, {"model": "datasets.tag", "pk": 8, "fields": {"name": "knot", "type": null}}, {"model": "datasets.tag", "pk": 9, "fields": {"name": "group representation", "type": null}}, {"model": "datasets.tag", "pk": 10, "fields": {"name": "permutation pattern", "type": null}}, {"model": "datasets.tag", "pk": 11, "fields": {"name": "combinatorial statistic", "type": null}}, {"model": "datasets.tag", "pk": 12, "fields": {"name": "integer sequence", "type": null}}, {"model": "datasets.tag", "pk": 13, "fields": {"name": "number field", "type": null}}, {"model": "datasets.tag", "pk": 14, "fields": {"name": "Steiner triple system", "type": null}}, {"model": "datasets.tag", "pk": 15, "fields": {"name": "polygon geometry", "type": null}}, {"model": "datasets.tag", "pk": 16, "fields": {"name": "triangle center", "type": null}}, {"model": "datasets.tag", "pk": 17, "fields": {"name": "triangle cubic", "type": null}}, {"model": "datasets.tag", "pk": 18, "fields": {"name": "polyhedron", "type": null}}, {"model": "datasets.tag", "pk": 19, "fields": {"name": "block design", "type": null}}, {"model": "datasets.tag", "pk": 20, "fields": {"name": "knot invariant", "type": null}}, {"model": "datasets.tag", "pk": 21, "fields": {"name": "probability distribution", "type": null}}, {"model": "datasets.tag", "pk": 22, "fields": {"name": "matrix", "type": null}}, {"model": "datasets.tag", "pk": 23, "fields": {"name": "manifold", "type": null}}, {"model": "datasets.tag", "pk": 24, "fields": {"name": "graded ring", "type": null}}, {"model": "datasets.tag", "pk": 25, "fields": {"name": "co.combinatorics", "type": "MO"}}, {"model": "datasets.tag", "pk": 26, "fields": {"name": "knot-theory", "type": "MO"}}, {"model": "datasets.tag", "pk": 27, "fields": {"name": "lie-groups", "type": "MO"}}, {"model": "datasets.tag", "pk": 28, "fields": {"name": "Lie algebra", "type": null}}, {"model": "datasets.tag", "pk": 29, "fields": {"name": "covering design", "type": null}}, {"model": "datasets.tag", "pk": 30, "fields": {"name": "matroid", "type": null}}, {"model": "datasets.tag", "pk": 31, "fields": {"name": "nt.number-theory", "type": "MO"}}, {"model": "datasets.tag", "pk": 32, "fields": {"name": "dataset", "type": "category"}}, {"model": "datasets.tag", "pk": 33, "fields": {"name": "system", "type": "category"}}, {"model": "datasets.tag", "pk": 34, "fields": {"name": "geometry (classification)", "type": "MO"}}, {"model": "datasets.tag", "pk": 35, "fields": {"name": "gr.group-theory", "type": "MO"}}, {"model": "datasets.collection", "pk": 1, "fields": {"name": "An Atlas of Abstract Regular Polytopes for Small Almost Simple Groups", "description": null, "url": "https://www.math.auckland.ac.nz/~dleemans/polytopes/", "objectType": "abstract polytope", "comment": "", "numberOfDatasets": 1, "numberOfObjects": 5354, "numberOfContributors": null, "sizeCompressed": null, "sizeUncompressed": null, "timeToGenerate": null, "provenance": "", "complete": "", "irredundant": "", "collaborative": "", "searchable": "", "selfExplaining": "", "summaryOfFAIR": "The paper describing the collection (metadata) has a DOI, which links to the website where the dataset is published.  Only certain parts of the dataset are available in a machine readable format", "findable": "MFTXXMXXTFFT", "accessible": "TTTTTTTTTXXT", "interoperable": "FMFFMFFMF", "reusable": "MFTFXTMMMMMM", "authors": [1, 2], "references": [1], "tags": [1, 32, 34]}}, {"model": "datasets.collection", "pk": 2, "fields": {"name": "An Atlas of Small Regular Polytopes", "description": "Regular polytopes whose automorphism groups have order less than 2001, excluding 1024 and 1536", "url": "http://www.abstract-polytopes.com/atlas/index.html", "objectType": "abstract polytope", "comment": "Zipped version of the atlas is made available for download.", "numberOfDatasets": 1, "numberOfObjects": 35974, "numberOfContributors": null, "sizeCompressed": null, "sizeUncompressed": null, "timeToGenerate": null, "provenance": "Yes", "complete": "Yes, except for the stated exclusions", "irredundant": "Yes", "collaborative": "No", "searchable": "No, but well indexed", "selfExplaining": "No", "summaryOfFAIR": "Web interface only, but with cut-and-pasteable code for Magma and GAP", "findable": null, "accessible": null, "interoperable": null, "reusable": null, "authors": [3], "references": [2], "tags": [1, 32]}}, {"model": "datasets.collection", "pk": 3, "fields": {"name": "An Atlas of Chiral Polytopes for Small Almost Simple Groups", "description": null, "url": "http://homepages.ulb.ac.be/~dleemans/CHIRAL/index.html", "objectType": "abstract polytope", "comment": "", "numberOfDatasets": 1, "numberOfObjects": 19212, "numberOfContributors": null, "sizeCompressed": null, "sizeUncompressed": null, "timeToGenerate": null, "provenance": "", "complete": "", "irredundant": "", "collaborative": "", "searchable": "", "selfExplaining": "", "summaryOfFAIR": "", "findable": null, "accessible": null, "interoperable": null, "reusable": null, "authors": [2, 3, 4], "references": [3], "tags": [1, 32]}}, {"model": "datasets.collection", "pk": 4, "fields": {"name": "The Atlas of Small Chiral Polytopes", "description": "Chiral polytopes whose regular covers have automorphism groups of order less than 2001, excluding 1024 and 1536", "url": "http://www.abstract-polytopes.com/chiral/", "objectType": "abstract polytope", "comment": "No", "numberOfDatasets": 1, "numberOfObjects": 56, "numberOfContributors": null, "sizeCompressed": null, "sizeUncompressed": null, "timeToGenerate": null, "provenance": "Yes", "complete": "Yes, except for the stated exclusions", "irredundant": "Yes", "collaborative": "No", "searchable": "No, but well indexed", "selfExplaining": "No", "summaryOfFAIR": "Web interface only, but with cut-and-pasteable code for Magma and GAP", "findable": null, "accessible": null, "interoperable": null, "reusable": null, "authors": [2, 3, 4], "references": [4], "tags": [1, 32]}}, {"model": "datasets.collection", "pk": 5, "fields": {"name": "Polytopes Derived from Sporadic Simple Groups", "description": "Regular polytopes whose automorphism groups are sporadic simple groups, with order up to and including that of the Held group", "url": "http://www.abstract-polytopes.com/sporpolys/", "objectType": "abstract polytope", "comment": "A zipped version of the atlas is made available for download", "numberOfDatasets": 1, "numberOfObjects": 6047, "numberOfContributors": null, "sizeCompressed": null, "sizeUncompressed": null, "timeToGenerate": null, "provenance": "Yes", "complete": "Yes, except for the stated exclusions", "irredundant": "Yes", "collaborative": "No", "searchable": "No", "selfExplaining": "No", "summaryOfFAIR": "Web interface only", "findable": null, "accessible": null, "interoperable": null, "reusable": null, "authors": [3, 5], "references": [5], "tags": [1, 32]}}, {"model": "datasets.collection", "pk": 6, "fields": {"name": "An Atlas of Subgroup Lattices of Finite Almost Simple Groups", "description": null, "url": "http://homepages.ulb.ac.be/~dleemans/atlaslat/", "objectType": "lattice", "comment": "", "numberOfDatasets": 1, "numberOfObjects": null, "numberOfContributors": null, "sizeCompressed": null, "sizeUncompressed": null, "timeToGenerate": null, "provenance": "", "complete": "", "irredundant": "", "collaborative": "", "searchable": "", "selfExplaining": "", "summaryOfFAIR": "", "findable": null, "accessible": null, "interoperable": null, "reusable": null, "authors": [2, 6], "references": [6], "tags": [2, 32]}}, {"model": "datasets.collection", "pk": 7, "fields": {"name": "Unlabeled lattices on <=15 nodes", "description": null, "url": "https://www.shsu.edu/mem037/Lattices.html", "objectType": "lattice", "comment": "", "numberOfDatasets": null, "numberOfObjects": 171432956, "numberOfContributors": null, "sizeCompressed": null, "sizeUncompressed": null, "timeToGenerate": null, "provenance": "", "complete": "", "irredundant": "", "collaborative": "", "searchable": "", "selfExplaining": "", "summaryOfFAIR": "", "findable": null, "accessible": null, "interoperable": null, "reusable": null, "authors": [7], "references": [], "tags": [2, 32]}}, {"model": "datasets.collection", "pk": 8, "fields": {"name": "Lists of finite lattices (modular, semimodular, graded and geometric)", "description": null, "url": "https://b2share.eudat.eu/records/dbb096da4e364b5e9e37b982431f41de", "objectType": "lattice", "comment": "", "numberOfDatasets": 6, "numberOfObjects": 17194000000, "numberOfContributors": null, "sizeCompressed": null, "sizeUncompressed": null, "timeToGenerate": null, "provenance": "https://b2share.eudat.eu/api/files/7794ba17-08ef-4d9a-b35f-4ef6e524b982/00README.txt", "complete": "", "irredundant": "", "collaborative": "", "searchable": "", "selfExplaining": "", "summaryOfFAIR": "", "findable": null, "accessible": null, "interoperable": null, "reusable": null, "authors": [9], "references": [], "tags": [2, 32]}}, {"model": "datasets.collection", "pk": 9, "fields": {"name": "A Census of Edge-Transitive Tetravalent Graphs", "description": null, "url": "http://jan.ucc.nau.edu/~swilson/C4FullSite/index.html", "objectType": "graph", "comment": "", "numberOfDatasets": null, "numberOfObjects": 7364, "numberOfContributors": null, "sizeCompressed": null, "sizeUncompressed": null, "timeToGenerate": null, "provenance": "", "complete": "There are three kinds of edge-transitive tetravalent graphs, namely: dart-transitive, half-arc-transitive and semisymmetric. This Census inherits completeness in the first two categories from studies by Poto\u010dnik, Spiga and Verret. The third category is not known to be complete and we strongly suspect that it is not.", "irredundant": "Yes", "collaborative": "No", "searchable": "", "selfExplaining": "", "summaryOfFAIR": "The paper (part of the metadata) is not yet published (January 2019).  Every graph has a unique identifier (C4[n, i]), an encyclopedic page (the URL is deducible from its identifier).  The dataset is available as a Magma file and the properties as an Excel file.", "findable": null, "accessible": null, "interoperable": null, "reusable": null, "authors": [10, 11], "references": [7], "tags": [3, 25, 32]}}, {"model": "datasets.collection", "pk": 10, "fields": {"name": "An Atlas of Graphs", "description": null, "url": "https://zbmath.org/?q=an%3A1080.05001", "objectType": "graph", "comment": "Book", "numberOfDatasets": null, "numberOfObjects": 10000, "numberOfContributors": null, "sizeCompressed": null, "sizeUncompressed": null, "timeToGenerate": null, "provenance": "", "complete": "", "irredundant": "", "collaborative": "", "searchable": "", "selfExplaining": "", "summaryOfFAIR": "", "findable": null, "accessible": null, "interoperable": null, "reusable": null, "authors": [12, 13], "references": [8], "tags": [3]}}, {"model": "datasets.collection", "pk": 11, "fields": {"name": "Simple k-Angulations", "description": null, "url": "http://www.jooyandeh.com/Combinatorics/Data/K-Angulations.aspx", "objectType": "graph", "comment": "", "numberOfDatasets": null, "numberOfObjects": null, "numberOfContributors": null, "sizeCompressed": null, "sizeUncompressed": null, "timeToGenerate": null, "provenance": "", "complete": "", "irredundant": "", "collaborative": "", "searchable": "", "selfExplaining": "", "summaryOfFAIR": "", "findable": null, "accessible": null, "interoperable": null, "reusable": null, "authors": [14], "references": [], "tags": [3]}}, {"model": "datasets.collection", "pk": 12, "fields": {"name": "Planar Hypohamiltonian Graphs", "description": null, "url": "http://www.jooyandeh.com/Combinatorics/Data/PlanarHypohamiltonian.aspx", "objectType": "graph", "comment": "", "numberOfDatasets": null, "numberOfObjects": null, "numberOfContributors": null, "sizeCompressed": null, "sizeUncompressed": null, "timeToGenerate": null, "provenance": "", "complete": "", "irredundant": "", "collaborative": "", "searchable": "", "selfExplaining": "", "summaryOfFAIR": "", "findable": null, "accessible": null, "interoperable": null, "reusable": null, "authors": [14], "references": [], "tags": [3]}}, {"model": "datasets.collection", "pk": 13, "fields": {"name": "A Database of Graphs in Combinatorica Format", "description": null, "url": "http://www3.cs.stonybrook.edu/~skiena/combinatorica/graphs/", "objectType": "graph", "comment": "", "numberOfDatasets": null, "numberOfObjects": null, "numberOfContributors": null, "sizeCompressed": null, "sizeUncompressed": null, "timeToGenerate": null, "provenance": "", "complete": "", "irredundant": "", "collaborative": "", "searchable": "", "selfExplaining": "", "summaryOfFAIR": "", "findable": null, "accessible": null, "interoperable": null, "reusable": null, "authors": [15, 16], "references": [], "tags": [3]}}, {"model": "datasets.collection", "pk": 14, "fields": {"name": "Regular Graphs", "description": null, "url": "http://www.mathe2.uni-bayreuth.de/markus/reggraphs.html", "objectType": "graph", "comment": "", "numberOfDatasets": null, "numberOfObjects": null, "numberOfContributors": null, "sizeCompressed": null, "sizeUncompressed": null, "timeToGenerate": null, "provenance": "", "complete": "", "irredundant": "", "collaborative": "", "searchable": "", "selfExplaining": "", "summaryOfFAIR": "", "findable": null, "accessible": null, "interoperable": null, "reusable": null, "authors": [17], "references": [], "tags": [3]}}, {"model": "datasets.collection", "pk": 15, "fields": {"name": "Strongly Regular Graphs on at most 64 vertices", "description": null, "url": "http://www.maths.gla.ac.uk/~es/srgraphs.php", "objectType": "graph", "comment": "", "numberOfDatasets": null, "numberOfObjects": null, "numberOfContributors": null, "sizeCompressed": null, "sizeUncompressed": null, "timeToGenerate": null, "provenance": "", "complete": "", "irredundant": "", "collaborative": "", "searchable": "", "selfExplaining": "", "summaryOfFAIR": "", "findable": null, "accessible": null, "interoperable": null, "reusable": null, "authors": [18], "references": [], "tags": [3]}}, {"model": "datasets.collection", "pk": 16, "fields": {"name": "An Atlas of primitive geometries of rank 2 for sporadic groups", "description": null, "url": "https://data.adam-journal.eu/apg/", "objectType": "geometry", "comment": "", "numberOfDatasets": null, "numberOfObjects": null, "numberOfContributors": null, "sizeCompressed": null, "sizeUncompressed": null, "timeToGenerate": null, "provenance": "", "complete": "", "irredundant": "", "collaborative": "", "searchable": "", "selfExplaining": "", "summaryOfFAIR": "", "findable": null, "accessible": null, "interoperable": null, "reusable": null, "authors": [2, 19], "references": [], "tags": [4]}}, {"model": "datasets.collection", "pk": 17, "fields": {"name": "Classification of association schemes with small vertices", "description": null, "url": "http://math.shinshu-u.ac.jp/~hanaki/as/", "objectType": "association scheme", "comment": "", "numberOfDatasets": null, "numberOfObjects": null, "numberOfContributors": null, "sizeCompressed": null, "sizeUncompressed": null, "timeToGenerate": null, "provenance": "", "complete": "", "irredundant": "", "collaborative": "", "searchable": "", "selfExplaining": "", "summaryOfFAIR": "", "findable": null, "accessible": null, "interoperable": null, "reusable": null, "authors": [20, 21], "references": [], "tags": [5]}}, {"model": "datasets.collection", "pk": 18, "fields": {"name": "An Encyclopedia of Quadri-Figures", "description": null, "url": "https://chrisvantienhoven.nl/mathematics/encyclopedia", "objectType": "quadri-figure", "comment": "Items dependent on 4 mutually independent points/lines in geometry.", "numberOfDatasets": null, "numberOfObjects": 300, "numberOfContributors": null, "sizeCompressed": null, "sizeUncompressed": null, "timeToGenerate": null, "provenance": "", "complete": "", "irredundant": "", "collaborative": "", "searchable": "", "selfExplaining": "", "summaryOfFAIR": "", "findable": null, "accessible": null, "interoperable": null, "reusable": null, "authors": [22], "references": [11], "tags": [6]}}, {"model": "datasets.collection", "pk": 19, "fields": {"name": "A Database of Galois polynomials", "description": null, "url": "http://pari.math.u-bordeaux.fr/galpol/", "objectType": "Galois polynomial", "comment": "", "numberOfDatasets": null, "numberOfObjects": null, "numberOfContributors": null, "sizeCompressed": null, "sizeUncompressed": null, "timeToGenerate": null, "provenance": "", "complete": "", "irredundant": "", "collaborative": "", "searchable": "", "selfExplaining": "", "summaryOfFAIR": "", "findable": null, "accessible": null, "interoperable": null, "reusable": null, "authors": [23, 24], "references": [], "tags": [7]}}, {"model": "datasets.collection", "pk": 20, "fields": {"name": "The Knot Atlas", "description": null, "url": "http://katlas.org/wiki/Main_Page", "objectType": "knot", "comment": "", "numberOfDatasets": null, "numberOfObjects": null, "numberOfContributors": null, "sizeCompressed": null, "sizeUncompressed": null, "timeToGenerate": null, "provenance": "", "complete": "", "irredundant": "", "collaborative": "", "searchable": "", "selfExplaining": "", "summaryOfFAIR": "", "findable": null, "accessible": null, "interoperable": null, "reusable": null, "authors": [], "references": [], "tags": [26]}}, {"model": "datasets.collection", "pk": 21, "fields": {"name": "ATLAS of Finite Group Representations", "description": null, "url": "http://brauer.maths.qmul.ac.uk/Atlas/v3/", "objectType": "group representation", "comment": "", "numberOfDatasets": null, "numberOfObjects": null, "numberOfContributors": null, "sizeCompressed": null, "sizeUncompressed": null, "timeToGenerate": null, "provenance": "", "complete": "", "irredundant": "", "collaborative": "", "searchable": "", "selfExplaining": "", "summaryOfFAIR": "", "findable": null, "accessible": null, "interoperable": null, "reusable": null, "authors": [25, 26, 27, 28, 29, 30, 31, 32, 33, 34], "references": [], "tags": [9]}}, {"model": "datasets.collection", "pk": 22, "fields": {"name": "Database of Permutation Pattern Avoidance", "description": null, "url": "https://math.depaul.edu/bridget/patterns.html", "objectType": "permutation pattern", "comment": "", "numberOfDatasets": null, "numberOfObjects": 54, "numberOfContributors": null, "sizeCompressed": null, "sizeUncompressed": null, "timeToGenerate": null, "provenance": "", "complete": "", "irredundant": "", "collaborative": "", "searchable": "", "selfExplaining": "", "summaryOfFAIR": "", "findable": null, "accessible": null, "interoperable": null, "reusable": null, "authors": [35], "references": [], "tags": [10]}}, {"model": "datasets.collection", "pk": 23, "fields": {"name": "Encyclopedia of Graphs", "description": null, "url": "http://atlas.gregas.eu/", "objectType": "graph", "comment": "", "numberOfDatasets": null, "numberOfObjects": null, "numberOfContributors": null, "sizeCompressed": null, "sizeUncompressed": null, "timeToGenerate": null, "provenance": "", "complete": "", "irredundant": "", "collaborative": "", "searchable": "", "selfExplaining": "", "summaryOfFAIR": "", "findable": null, "accessible": null, "interoperable": null, "reusable": null, "authors": [], "references": [], "tags": [3, 33]}}, {"model": "datasets.collection", "pk": 24, "fields": {"name": "FindStat (The Combinatorial Statistic Finder)", "description": null, "url": "http://www.findstat.org/", "objectType": "combinatorial statistic", "comment": "", "numberOfDatasets": null, "numberOfObjects": 1345, "numberOfContributors": null, "sizeCompressed": null, "sizeUncompressed": null, "timeToGenerate": null, "provenance": "", "complete": "", "irredundant": "", "collaborative": "", "searchable": "", "selfExplaining": "", "summaryOfFAIR": "", "findable": null, "accessible": null, "interoperable": null, "reusable": null, "authors": [], "references": [], "tags": [11]}}, {"model": "datasets.collection", "pk": 25, "fields": {"name": "The House of Graphs", "description": null, "url": "https://hog.grinvin.org/", "objectType": "graph", "comment": "", "numberOfDatasets": null, "numberOfObjects": null, "numberOfContributors": null, "sizeCompressed": null, "sizeUncompressed": null, "timeToGenerate": null, "provenance": "", "complete": "", "irredundant": "", "collaborative": "", "searchable": "", "selfExplaining": "", "summaryOfFAIR": "", "findable": null, "accessible": null, "interoperable": null, "reusable": null, "authors": [], "references": [], "tags": [3]}}, {"model": "datasets.collection", "pk": 26, "fields": {"name": "LMFDB, the database of L-functions, modular forms, and related objects", "description": null, "url": "http://www.lmfdb.org/", "objectType": null, "comment": "", "numberOfDatasets": null, "numberOfObjects": null, "numberOfContributors": null, "sizeCompressed": null, "sizeUncompressed": null, "timeToGenerate": null, "provenance": "", "complete": "", "irredundant": "", "collaborative": "", "searchable": "", "selfExplaining": "", "summaryOfFAIR": "", "findable": null, "accessible": null, "interoperable": null, "reusable": null, "authors": [], "references": [], "tags": [31]}}, {"model": "datasets.collection", "pk": 27, "fields": {"name": "The On-Line Encyclopedia of Integer Sequences", "description": null, "url": "https://oeis.org/", "objectType": "integer sequence", "comment": "", "numberOfDatasets": null, "numberOfObjects": 320000, "numberOfContributors": null, "sizeCompressed": null, "sizeUncompressed": null, "timeToGenerate": null, "provenance": "", "complete": "", "irredundant": "", "collaborative": "", "searchable": "", "selfExplaining": "", "summaryOfFAIR": "", "findable": null, "accessible": null, "interoperable": null, "reusable": null, "authors": [], "references": [], "tags": [12]}}, {"model": "datasets.collection", "pk": 28, "fields": {"name": "QaoS - Querying Algebraic Objects System", "description": null, "url": "http://qaos.math.tu-berlin.de/cgi-bin/qaos/query.scm", "objectType": "", "comment": null, "numberOfDatasets": null, "numberOfObjects": null, "numberOfContributors": null, "sizeCompressed": null, "sizeUncompressed": null, "timeToGenerate": null, "provenance": null, "complete": null, "irredundant": null, "collaborative": null, "searchable": null, "selfExplaining": null, "summaryOfFAIR": null, "findable": null, "accessible": null, "interoperable": null, "reusable": null, "authors": [36, 37, 38], "references": [], "tags": []}}, {"model": "datasets.collection", "pk": 29, "fields": {"name": "Small Graph Database", "description": null, "url": "https://jasongrout.org/graph_database", "objectType": "graph", "comment": "", "numberOfDatasets": null, "numberOfObjects": null, "numberOfContributors": null, "sizeCompressed": null, "sizeUncompressed": null, "timeToGenerate": null, "provenance": "", "complete": "", "irredundant": "", "collaborative": "", "searchable": "", "selfExplaining": "", "summaryOfFAIR": "", "findable": null, "accessible": null, "interoperable": null, "reusable": null, "authors": [39], "references": [], "tags": [3]}}, {"model": "datasets.collection", "pk": 30, "fields": {"name": "The SymbolicData Project", "description": null, "url": "https://symbolicdata.github.io/", "objectType": "", "comment": null, "numberOfDatasets": null, "numberOfObjects": null, "numberOfContributors": null, "sizeCompressed": null, "sizeUncompressed": null, "timeToGenerate": null, "provenance": null, "complete": null, "irredundant": null, "collaborative": null, "searchable": null, "selfExplaining": null, "summaryOfFAIR": null, "findable": null, "accessible": null, "interoperable": null, "reusable": null, "authors": [], "references": [], "tags": []}}, {"model": "datasets.collection", "pk": 31, "fields": {"name": "DiscreteZOO", "description": null, "url": "https://github.com/discretezoo", "objectType": "", "comment": null, "numberOfDatasets": null, "numberOfObjects": null, "numberOfContributors": null, "sizeCompressed": null, "sizeUncompressed": null, "timeToGenerate": null, "provenance": null, "complete": null, "irredundant": null, "collaborative": null, "searchable": null, "selfExplaining": null, "summaryOfFAIR": null, "findable": null, "accessible": null, "interoperable": null, "reusable": null, "authors": [40, 41], "references": [], "tags": []}}, {"model": "datasets.collection", "pk": 32, "fields": {"name": "The Small Groups library", "description": null, "url": "http://www.icm.tu-bs.de/ag_algebra/software/small/", "objectType": "", "comment": null, "numberOfDatasets": null, "numberOfObjects": null, "numberOfContributors": null, "sizeCompressed": null, "sizeUncompressed": null, "timeToGenerate": null, "provenance": null, "complete": null, "irredundant": null, "collaborative": null, "searchable": null, "selfExplaining": null, "summaryOfFAIR": null, "findable": null, "accessible": null, "interoperable": null, "reusable": null, "authors": [42, 43, 44], "references": [], "tags": []}}, {"model": "datasets.collection", "pk": 33, "fields": {"name": "Echidna Databases", "description": null, "url": "http://iml.univ-mrs.fr/~kohel/dbs/", "objectType": "", "comment": "Databases for Elliptic Curves and Higher Dimensional Analogues", "numberOfDatasets": null, "numberOfObjects": null, "numberOfContributors": null, "sizeCompressed": null, "sizeUncompressed": null, "timeToGenerate": null, "provenance": null, "complete": null, "irredundant": null, "collaborative": null, "searchable": null, "selfExplaining": null, "summaryOfFAIR": null, "findable": null, "accessible": null, "interoperable": null, "reusable": null, "authors": [45], "references": [], "tags": []}}, {"model": "datasets.collection", "pk": 34, "fields": {"name": "Database of Local Fields", "description": null, "url": "https://math.la.asu.edu/~jj/localfields/", "objectType": "", "comment": null, "numberOfDatasets": null, "numberOfObjects": null, "numberOfContributors": null, "sizeCompressed": null, "sizeUncompressed": null, "timeToGenerate": null, "provenance": null, "complete": null, "irredundant": null, "collaborative": null, "searchable": null, "selfExplaining": null, "summaryOfFAIR": null, "findable": null, "accessible": null, "interoperable": null, "reusable": null, "authors": [46, 47], "references": [], "tags": []}}, {"model": "datasets.collection", "pk": 35, "fields": {"name": "Database of Number Fields", "description": null, "url": "https://hobbes.la.asu.edu/NFDB/", "objectType": "number field", "comment": "", "numberOfDatasets": null, "numberOfObjects": null, "numberOfContributors": null, "sizeCompressed": null, "sizeUncompressed": null, "timeToGenerate": null, "provenance": "", "complete": "", "irredundant": "", "collaborative": "", "searchable": "", "selfExplaining": "", "summaryOfFAIR": "", "findable": null, "accessible": null, "interoperable": null, "reusable": null, "authors": [], "references": [9], "tags": [13]}}, {"model": "datasets.collection", "pk": 36, "fields": {"name": "Steiner Triple Systems of order 19", "description": null, "url": "http://pottonen.kapsi.fi/sts19/", "objectType": "Steiner triple system", "comment": "", "numberOfDatasets": null, "numberOfObjects": 11084874829, "numberOfContributors": null, "sizeCompressed": "39 GB", "sizeUncompressed": null, "timeToGenerate": null, "provenance": "algorithm described in paper", "complete": "", "irredundant": "", "collaborative": "", "searchable": "", "selfExplaining": "", "summaryOfFAIR": "", "findable": null, "accessible": null, "interoperable": null, "reusable": null, "authors": [48, 49], "references": [10], "tags": [14]}}, {"model": "datasets.collection", "pk": 37, "fields": {"name": "Parameters of Strongly Regular Graphs", "description": null, "url": "https://www.win.tue.nl/~aeb/graphs/srg/srgtab.html", "objectType": "graph", "comment": "", "numberOfDatasets": null, "numberOfObjects": null, "numberOfContributors": null, "sizeCompressed": null, "sizeUncompressed": null, "timeToGenerate": null, "provenance": "", "complete": "", "irredundant": "", "collaborative": "", "searchable": "", "selfExplaining": "", "summaryOfFAIR": "", "findable": null, "accessible": null, "interoperable": null, "reusable": null, "authors": [50], "references": [], "tags": [3]}}, {"model": "datasets.collection", "pk": 38, "fields": {"name": "Lists of regular maps, hypermaps and polytopes, trivalent symmetric graphs, and surface actions", "description": null, "url": "https://www.math.auckland.ac.nz/~conder/", "objectType": "", "comment": null, "numberOfDatasets": null, "numberOfObjects": null, "numberOfContributors": null, "sizeCompressed": null, "sizeUncompressed": null, "timeToGenerate": null, "provenance": null, "complete": null, "irredundant": null, "collaborative": null, "searchable": null, "selfExplaining": null, "summaryOfFAIR": null, "findable": null, "accessible": null, "interoperable": null, "reusable": null, "authors": [51], "references": [], "tags": []}}, {"model": "datasets.collection", "pk": 39, "fields": {"name": "Lists of graphs of a prescribed symmetry type and valence, and some other combinatorial and algebraic structures", "description": null, "url": "https://www.fmf.uni-lj.si/~potocnik/work.htm", "objectType": "", "comment": null, "numberOfDatasets": null, "numberOfObjects": null, "numberOfContributors": null, "sizeCompressed": null, "sizeUncompressed": null, "timeToGenerate": null, "provenance": null, "complete": null, "irredundant": null, "collaborative": null, "searchable": null, "selfExplaining": null, "summaryOfFAIR": null, "findable": null, "accessible": null, "interoperable": null, "reusable": null, "authors": [10], "references": [], "tags": []}}, {"model": "datasets.collection", "pk": 40, "fields": {"name": "Combinatorial Catalogues", "description": null, "url": "http://staffhome.ecm.uwa.edu.au/~00013890/data.html", "objectType": "", "comment": null, "numberOfDatasets": null, "numberOfObjects": null, "numberOfContributors": null, "sizeCompressed": null, "sizeUncompressed": null, "timeToGenerate": null, "provenance": null, "complete": null, "irredundant": null, "collaborative": null, "searchable": null, "selfExplaining": null, "summaryOfFAIR": null, "findable": null, "accessible": null, "interoperable": null, "reusable": null, "authors": [52], "references": [], "tags": []}}, {"model": "datasets.collection", "pk": 41, "fields": {"name": "Combinatorial Data", "description": null, "url": "http://users.cecs.anu.edu.au/~bdm/data/", "objectType": "", "comment": null, "numberOfDatasets": null, "numberOfObjects": null, "numberOfContributors": null, "sizeCompressed": null, "sizeUncompressed": null, "timeToGenerate": null, "provenance": null, "complete": null, "irredundant": null, "collaborative": null, "searchable": null, "selfExplaining": null, "summaryOfFAIR": null, "findable": null, "accessible": null, "interoperable": null, "reusable": null, "authors": [53], "references": [], "tags": []}}, {"model": "datasets.collection", "pk": 42, "fields": {"name": "Combinatorial Data", "description": null, "url": "http://users.monash.edu.au/~iwanless/data/", "objectType": "", "comment": null, "numberOfDatasets": null, "numberOfObjects": null, "numberOfContributors": null, "sizeCompressed": null, "sizeUncompressed": null, "timeToGenerate": null, "provenance": null, "complete": null, "irredundant": null, "collaborative": null, "searchable": null, "selfExplaining": null, "summaryOfFAIR": null, "findable": null, "accessible": null, "interoperable": null, "reusable": null, "authors": [54], "references": [], "tags": []}}, {"model": "datasets.collection", "pk": 43, "fields": {"name": "A Database for Number Fields", "description": null, "url": "http://galoisdb.math.upb.de/", "objectType": "number field", "comment": "", "numberOfDatasets": null, "numberOfObjects": null, "numberOfContributors": null, "sizeCompressed": null, "sizeUncompressed": null, "timeToGenerate": null, "provenance": "", "complete": "", "irredundant": "", "collaborative": "", "searchable": "", "selfExplaining": "", "summaryOfFAIR": "", "findable": null, "accessible": null, "interoperable": null, "reusable": null, "authors": [55, 56], "references": [], "tags": [13]}}, {"model": "datasets.collection", "pk": 44, "fields": {"name": "Encyclopedia of Polygon Geometry", "description": null, "url": "https://chrisvantienhoven.nl/mathematics/encyclopedia-of-poly-geometry", "objectType": "polygon geometry", "comment": "Items dependent on n (n=integer) mutually independent points/lines in geometry.", "numberOfDatasets": null, "numberOfObjects": 15, "numberOfContributors": null, "sizeCompressed": null, "sizeUncompressed": null, "timeToGenerate": null, "provenance": "", "complete": "", "irredundant": "", "collaborative": "", "searchable": "", "selfExplaining": "", "summaryOfFAIR": "", "findable": null, "accessible": null, "interoperable": null, "reusable": null, "authors": [22], "references": [12], "tags": [15]}}, {"model": "datasets.collection", "pk": 45, "fields": {"name": "Encyclopedia of Triangle Centers", "description": null, "url": "http://faculty.evansville.edu/ck6/encyclopedia/ETC.html", "objectType": "triangle center", "comment": "", "numberOfDatasets": null, "numberOfObjects": 32000, "numberOfContributors": null, "sizeCompressed": null, "sizeUncompressed": null, "timeToGenerate": null, "provenance": "", "complete": "", "irredundant": "", "collaborative": "", "searchable": "", "selfExplaining": "", "summaryOfFAIR": "", "findable": null, "accessible": null, "interoperable": null, "reusable": null, "authors": [57], "references": [], "tags": [16]}}, {"model": "datasets.collection", "pk": 46, "fields": {"name": "Catalogue of Triangle Cubics", "description": null, "url": "http://bernard.gibert.pagesperso-orange.fr/ctc.html", "objectType": "triangle cubic", "comment": "", "numberOfDatasets": null, "numberOfObjects": 1090, "numberOfContributors": null, "sizeCompressed": null, "sizeUncompressed": null, "timeToGenerate": null, "provenance": "", "complete": "", "irredundant": "", "collaborative": "", "searchable": "", "selfExplaining": "", "summaryOfFAIR": "", "findable": null, "accessible": null, "interoperable": null, "reusable": null, "authors": [58], "references": [], "tags": [17]}}, {"model": "datasets.collection", "pk": 47, "fields": {"name": "The Encyclopedia of Polyhedra", "description": null, "url": "http://www.georgehart.com/virtual-polyhedra/vp.html", "objectType": "polyhedron", "comment": "", "numberOfDatasets": null, "numberOfObjects": null, "numberOfContributors": null, "sizeCompressed": null, "sizeUncompressed": null, "timeToGenerate": null, "provenance": "", "complete": "", "irredundant": "", "collaborative": "", "searchable": "", "selfExplaining": "", "summaryOfFAIR": "", "findable": null, "accessible": null, "interoperable": null, "reusable": null, "authors": [59], "references": [], "tags": [18]}}, {"model": "datasets.collection", "pk": 48, "fields": {"name": "Design Database", "description": null, "url": "http://www.maths.qmul.ac.uk/~lsoicher/designtheory.org/database/", "objectType": "block design", "comment": "", "numberOfDatasets": 10, "numberOfObjects": 2448, "numberOfContributors": null, "sizeCompressed": null, "sizeUncompressed": null, "timeToGenerate": null, "provenance": "", "complete": "", "irredundant": "", "collaborative": "", "searchable": "", "selfExplaining": "", "summaryOfFAIR": "", "findable": null, "accessible": null, "interoperable": null, "reusable": null, "authors": [60], "references": [], "tags": [19]}}, {"model": "datasets.collection", "pk": 49, "fields": {"name": "Table of Knot Invariants", "description": null, "url": "http://www.indiana.edu/~knotinfo/", "objectType": "knot invariant", "comment": "", "numberOfDatasets": null, "numberOfObjects": null, "numberOfContributors": null, "sizeCompressed": null, "sizeUncompressed": null, "timeToGenerate": null, "provenance": "", "complete": "", "irredundant": "", "collaborative": "", "searchable": "", "selfExplaining": "", "summaryOfFAIR": "", "findable": null, "accessible": null, "interoperable": null, "reusable": null, "authors": [61], "references": [], "tags": [20, 26]}}, {"model": "datasets.collection", "pk": 50, "fields": {"name": "DistanceRegular.org", "description": null, "url": "http://www.distanceregular.org/", "objectType": "graph", "comment": "", "numberOfDatasets": null, "numberOfObjects": null, "numberOfContributors": null, "sizeCompressed": null, "sizeUncompressed": null, "timeToGenerate": null, "provenance": "", "complete": "", "irredundant": "", "collaborative": "", "searchable": "", "selfExplaining": "", "summaryOfFAIR": "", "findable": null, "accessible": null, "interoperable": null, "reusable": null, "authors": [62, 63, 64], "references": [], "tags": [3]}}, {"model": "datasets.collection", "pk": 51, "fields": {"name": "Distributome", "description": null, "url": "http://www.distributome.org/", "objectType": "probability distribution", "comment": "", "numberOfDatasets": null, "numberOfObjects": null, "numberOfContributors": null, "sizeCompressed": null, "sizeUncompressed": null, "timeToGenerate": null, "provenance": "", "complete": "", "irredundant": "", "collaborative": "", "searchable": "", "selfExplaining": "", "summaryOfFAIR": "", "findable": null, "accessible": null, "interoperable": null, "reusable": null, "authors": [65, 66, 67], "references": [13], "tags": [21]}}, {"model": "datasets.collection", "pk": 52, "fields": {"name": "SuiteSparse Matrix Collection", "description": null, "url": "https://sparse.tamu.edu/", "objectType": "matrix", "comment": "", "numberOfDatasets": null, "numberOfObjects": 2833, "numberOfContributors": null, "sizeCompressed": null, "sizeUncompressed": null, "timeToGenerate": null, "provenance": "", "complete": "", "irredundant": "", "collaborative": "", "searchable": "", "selfExplaining": "", "summaryOfFAIR": "", "findable": null, "accessible": null, "interoperable": null, "reusable": null, "authors": [68, 69, 70], "references": [], "tags": [22]}}, {"model": "datasets.collection", "pk": 53, "fields": {"name": "Calabi-Yau data", "description": "Numerical data of Calabi-Yau manifolds of various dimensions (K3 spaces, Calabi-Yau threefolds, higher dimensional CY manifolds)", "url": "http://hep.itp.tuwien.ac.at/~kreuzer/CY/", "objectType": "manifold", "comment": "[theoretical physics] The data also contain information on the authors' classification scheme for reflexive polyhedra and data of Landau-Ginzburg models and reflexive Gorenstein cones.", "numberOfDatasets": 6, "numberOfObjects": 470000000, "numberOfContributors": null, "sizeCompressed": null, "sizeUncompressed": null, "timeToGenerate": null, "provenance": "", "complete": "", "irredundant": "", "collaborative": "", "searchable": "", "selfExplaining": "", "summaryOfFAIR": "The authors provide a program for creating and manipulating the data.", "findable": null, "accessible": null, "interoperable": null, "reusable": null, "authors": [71, 72], "references": [14], "tags": [23]}}, {"model": "datasets.collection", "pk": 54, "fields": {"name": "Graded Ring Database", "description": "A database of graded rings in algebraic geometry, including classifications of toric varieties, polarised K3 surfaces, and Fano 3-folds and 4-folds.", "url": "http://www.grdb.co.uk/", "objectType": "graded ring", "comment": "Each database search page includes details of the authors of that data, together with papers that should be cited when you use the data. Please also reference the Graded Ring Database.\r\nSeveral of the calculations are performed using the Magma computational algebra system. Other software used in construction of the data include PALP, polymake, and LattE.", "numberOfDatasets": 17, "numberOfObjects": null, "numberOfContributors": 14, "sizeCompressed": null, "sizeUncompressed": null, "timeToGenerate": null, "provenance": "", "complete": "", "irredundant": "", "collaborative": "", "searchable": "", "selfExplaining": "", "summaryOfFAIR": "", "findable": null, "accessible": null, "interoperable": null, "reusable": null, "authors": [73, 74], "references": [], "tags": [24]}}, {"model": "datasets.collection", "pk": 55, "fields": {"name": "Toric Calabi-Yau Database", "description": "Threefolds Constructed from the Kreuzer-Skarke List", "url": "http://www.rossealtman.com/index.html", "objectType": null, "comment": "", "numberOfDatasets": null, "numberOfObjects": null, "numberOfContributors": null, "sizeCompressed": null, "sizeUncompressed": null, "timeToGenerate": null, "provenance": "", "complete": "", "irredundant": "", "collaborative": "", "searchable": "", "selfExplaining": "", "summaryOfFAIR": "", "findable": null, "accessible": null, "interoperable": null, "reusable": null, "authors": [75, 76, 77, 78, 79], "references": [15], "tags": []}}, {"model": "datasets.collection", "pk": 56, "fields": {"name": "Atlas of Lie Groups and Representations", "description": null, "url": "http://www.liegroups.org/", "objectType": null, "comment": "", "numberOfDatasets": null, "numberOfObjects": null, "numberOfContributors": null, "sizeCompressed": null, "sizeUncompressed": null, "timeToGenerate": null, "provenance": "", "complete": "", "irredundant": "", "collaborative": "", "searchable": "", "selfExplaining": "", "summaryOfFAIR": "", "findable": null, "accessible": null, "interoperable": null, "reusable": null, "authors": [], "references": [], "tags": [27]}}, {"model": "datasets.collection", "pk": 57, "fields": {"name": "The Unipotent Muffin Research Kitchen", "description": "A PostgreSQL database consisting of tables with information about simple complex Lie algebras", "url": "http://lie.math.okstate.edu/UMRK/UMRK.html", "objectType": null, "comment": "", "numberOfDatasets": null, "numberOfObjects": null, "numberOfContributors": null, "sizeCompressed": null, "sizeUncompressed": null, "timeToGenerate": null, "provenance": "", "complete": "", "irredundant": "", "collaborative": "", "searchable": "", "selfExplaining": "", "summaryOfFAIR": "", "findable": null, "accessible": null, "interoperable": null, "reusable": null, "authors": [], "references": [], "tags": [28]}}, {"model": "datasets.collection", "pk": 58, "fields": {"name": "Database of Ring Theory", "description": "A repository of rings, their properties, and more ring theory stuff.", "url": "http://ringtheory.herokuapp.com/", "objectType": null, "comment": "", "numberOfDatasets": null, "numberOfObjects": null, "numberOfContributors": null, "sizeCompressed": null, "sizeUncompressed": null, "timeToGenerate": null, "provenance": "", "complete": "", "irredundant": "", "collaborative": "", "searchable": "", "selfExplaining": "", "summaryOfFAIR": "", "findable": null, "accessible": null, "interoperable": null, "reusable": null, "authors": [80], "references": [], "tags": []}}, {"model": "datasets.collection", "pk": 59, "fields": {"name": "Polyhedron Database", "description": null, "url": "http://www.netlib.org/polyhedra/", "objectType": null, "comment": "", "numberOfDatasets": null, "numberOfObjects": null, "numberOfContributors": null, "sizeCompressed": null, "sizeUncompressed": null, "timeToGenerate": null, "provenance": "", "complete": "", "irredundant": "", "collaborative": "", "searchable": "", "selfExplaining": "", "summaryOfFAIR": "", "findable": null, "accessible": null, "interoperable": null, "reusable": null, "authors": [], "references": [], "tags": [18]}}, {"model": "datasets.collection", "pk": 60, "fields": {"name": "MIVIA graphs dataset", "description": "A dataset for benchmarking exact graph matching algorithms.", "url": "https://mivia.unisa.it/datasets/graph-database/mivia2-graph-database/", "objectType": null, "comment": "", "numberOfDatasets": null, "numberOfObjects": null, "numberOfContributors": null, "sizeCompressed": null, "sizeUncompressed": null, "timeToGenerate": null, "provenance": "", "complete": "", "irredundant": "", "collaborative": "", "searchable": "", "selfExplaining": "", "summaryOfFAIR": "", "findable": null, "accessible": null, "interoperable": null, "reusable": null, "authors": [], "references": [], "tags": [3]}}, {"model": "datasets.collection", "pk": 61, "fields": {"name": "ARG Database", "description": "A huge collection of labeled and unlabeled graphs realized by the MIVIA Group. The aim of this collection is to provide the graph research community with a standard test ground.", "url": "https://mivia.unisa.it/datasets/graph-database/arg-database/", "objectType": null, "comment": "", "numberOfDatasets": null, "numberOfObjects": null, "numberOfContributors": null, "sizeCompressed": null, "sizeUncompressed": null, "timeToGenerate": null, "provenance": "", "complete": "", "irredundant": "", "collaborative": "", "searchable": "", "selfExplaining": "", "summaryOfFAIR": "", "findable": null, "accessible": null, "interoperable": null, "reusable": null, "authors": [], "references": [], "tags": [3]}}, {"model": "datasets.collection", "pk": 62, "fields": {"name": "Homepage of Oriented Matroids", "description": "Objects in discrete geometry and their abstraction in terms of oriented matroids.", "url": "http://www.om.math.ethz.ch/", "objectType": null, "comment": "", "numberOfDatasets": null, "numberOfObjects": null, "numberOfContributors": null, "sizeCompressed": null, "sizeUncompressed": null, "timeToGenerate": null, "provenance": "", "complete": "", "irredundant": "", "collaborative": "", "searchable": "", "selfExplaining": "", "summaryOfFAIR": "", "findable": null, "accessible": null, "interoperable": null, "reusable": null, "authors": [81], "references": [], "tags": [25]}}, {"model": "datasets.collection", "pk": 63, "fields": {"name": "La Jolla Covering Repository Tables", "description": null, "url": "http://ljcr.dmgordon.org/cover/table.html", "objectType": null, "comment": "", "numberOfDatasets": null, "numberOfObjects": null, "numberOfContributors": null, "sizeCompressed": null, "sizeUncompressed": null, "timeToGenerate": null, "provenance": "", "complete": "", "irredundant": "", "collaborative": "", "searchable": "", "selfExplaining": "", "summaryOfFAIR": "", "findable": null, "accessible": null, "interoperable": null, "reusable": null, "authors": [82], "references": [], "tags": [29]}}, {"model": "datasets.collection", "pk": 64, "fields": {"name": "Code Tables", "description": "Bounds on the parameters of various types of codes", "url": "http://www.codetables.de/", "objectType": null, "comment": "", "numberOfDatasets": null, "numberOfObjects": null, "numberOfContributors": null, "sizeCompressed": null, "sizeUncompressed": null, "timeToGenerate": null, "provenance": "", "complete": "", "irredundant": "", "collaborative": "", "searchable": "", "selfExplaining": "", "summaryOfFAIR": "", "findable": null, "accessible": null, "interoperable": null, "reusable": null, "authors": [83], "references": [16], "tags": []}}, {"model": "datasets.collection", "pk": 65, "fields": {"name": "Chapel Hill Poset Atlas", "description": null, "url": "http://lists-of-posets.math.unc.edu/", "objectType": null, "comment": "", "numberOfDatasets": null, "numberOfObjects": null, "numberOfContributors": null, "sizeCompressed": null, "sizeUncompressed": null, "timeToGenerate": null, "provenance": "", "complete": "", "irredundant": "", "collaborative": "", "searchable": "", "selfExplaining": "", "summaryOfFAIR": "", "findable": null, "accessible": null, "interoperable": null, "reusable": null, "authors": [84, 85], "references": [], "tags": []}}, {"model": "datasets.collection", "pk": 66, "fields": {"name": "Database of Matroids", "description": null, "url": "http://www-imai.is.s.u-tokyo.ac.jp/~ymatsu/matroid/index.html", "objectType": null, "comment": "", "numberOfDatasets": null, "numberOfObjects": null, "numberOfContributors": null, "sizeCompressed": null, "sizeUncompressed": null, "timeToGenerate": null, "provenance": "", "complete": "", "irredundant": "", "collaborative": "", "searchable": "", "selfExplaining": "", "summaryOfFAIR": "", "findable": null, "accessible": null, "interoperable": null, "reusable": null, "authors": [86, 87, 88, 89], "references": [17], "tags": [30, 32]}}, {"model": "datasets.collection", "pk": 67, "fields": {"name": "The Mathematical Functions Grimoire", "description": "An open source library of formulas for mathematical functions", "url": "http://fungrim.org/", "objectType": null, "comment": "", "numberOfDatasets": null, "numberOfObjects": null, "numberOfContributors": null, "sizeCompressed": null, "sizeUncompressed": null, "timeToGenerate": null, "provenance": "", "complete": "", "irredundant": "", "collaborative": "", "searchable": "", "selfExplaining": "", "summaryOfFAIR": "", "findable": null, "accessible": null, "interoperable": null, "reusable": null, "authors": [90], "references": [], "tags": []}}, {"model": "datasets.collection", "pk": 68, "fields": {"name": "Polytopia", "description": "The main goal of the project is to build models of all polyhedra in a collective endeavor.", "url": "https://www.polytopia.eu/en/", "objectType": "polyhedron", "comment": "", "numberOfDatasets": null, "numberOfObjects": 2907, "numberOfContributors": null, "sizeCompressed": null, "sizeUncompressed": null, "timeToGenerate": null, "provenance": "", "complete": "", "irredundant": "", "collaborative": "Users contribute pictures of models", "searchable": "", "selfExplaining": "", "summaryOfFAIR": "", "findable": null, "accessible": null, "interoperable": null, "reusable": null, "authors": [], "references": [], "tags": [18, 33, 34]}}, {"model": "datasets.collection", "pk": 69, "fields": {"name": "Graphlopedia", "description": null, "url": "http://graphlopedia.org", "objectType": null, "comment": "", "numberOfDatasets": null, "numberOfObjects": null, "numberOfContributors": null, "sizeCompressed": null, "sizeUncompressed": null, "timeToGenerate": null, "provenance": "", "complete": "", "irredundant": "", "collaborative": "", "searchable": "", "selfExplaining": "", "summaryOfFAIR": "", "findable": null, "accessible": null, "interoperable": null, "reusable": null, "authors": [], "references": [], "tags": []}}, {"model": "datasets.collection", "pk": 70, "fields": {"name": "Group\u200bNames", "description": "Finite groups of order \u2264500, group names, extensions, presentations, properties and character tables.", "url": "https://people.maths.bris.ac.uk/~matyd/GroupNames/", "objectType": null, "comment": "", "numberOfDatasets": null, "numberOfObjects": null, "numberOfContributors": null, "sizeCompressed": null, "sizeUncompressed": null, "timeToGenerate": null, "provenance": "", "complete": "", "irredundant": "", "collaborative": "", "searchable": "", "selfExplaining": "", "summaryOfFAIR": "", "findable": null, "accessible": null, "interoperable": null, "reusable": null, "authors": [], "references": [], "tags": [33, 35]}}, {"model": "datasets.collection", "pk": 71, "fields": {"name": "Zeta Functions of Lie Rings Archive", "description": null, "url": "http://www.lack-of.org.uk/zfarchive/", "objectType": null, "comment": "", "numberOfDatasets": null, "numberOfObjects": null, "numberOfContributors": null, "sizeCompressed": null, "sizeUncompressed": null, "timeToGenerate": null, "provenance": "", "complete": "", "irredundant": "", "collaborative": "", "searchable": "", "selfExplaining": "", "summaryOfFAIR": "", "findable": null, "accessible": null, "interoperable": null, "reusable": null, "authors": [], "references": [], "tags": []}}, {"model": "datasets.collection", "pk": 72, "fields": {"name": "Catalogue of unlabelled lattices on up to 16 elements", "description": null, "url": "https://researchdata.ands.org.au/catalogue-unlabelled-lattices-16-elements/1355270", "objectType": "lattice", "comment": "", "numberOfDatasets": null, "numberOfObjects": null, "numberOfContributors": null, "sizeCompressed": null, "sizeUncompressed": null, "timeToGenerate": null, "provenance": "", "complete": "", "irredundant": "", "collaborative": "", "searchable": "", "selfExplaining": "", "summaryOfFAIR": "", "findable": null, "accessible": null, "interoperable": null, "reusable": null, "authors": [91, 92], "references": [18], "tags": [2]}}, {"model": "datasets.collection", "pk": 73, "fields": {"name": "polyDB", "description": "A database for objects in discrete geometry and related areas, accessible from polymake.", "url": "https://polymake.org/doku.php/polydb", "objectType": null, "comment": "", "numberOfDatasets": null, "numberOfObjects": null, "numberOfContributors": null, "sizeCompressed": null, "sizeUncompressed": null, "timeToGenerate": null, "provenance": "", "complete": "", "irredundant": "", "collaborative": "", "searchable": "", "selfExplaining": "", "summaryOfFAIR": "", "findable": null, "accessible": null, "interoperable": null, "reusable": null, "authors": [], "references": [], "tags": [34]}}, {"model": "datasets.collection", "pk": 74, "fields": {"name": "A Catalogue of Lattices", "description": "The project's aim is to give information about all the interesting lattices in \"low\" dimensions", "url": "http://www.math.rwth-aachen.de/~Gabriele.Nebe/LATTICES/", "objectType": null, "comment": "", "numberOfDatasets": null, "numberOfObjects": 160000, "numberOfContributors": null, "sizeCompressed": null, "sizeUncompressed": null, "timeToGenerate": null, "provenance": "", "complete": "", "irredundant": "", "collaborative": "", "searchable": "", "selfExplaining": "", "summaryOfFAIR": "", "findable": null, "accessible": null, "interoperable": null, "reusable": null, "authors": [93, 94], "references": [], "tags": [2]}}, {"model": "datasets.collection", "pk": 75, "fields": {"name": "(S-)Unit Groups of Orders", "description": "Generators and presentations of the unit groups of certain orders in various types of simple rational algebras of small degree.", "url": "http://www.math.rwth-aachen.de/~Gabriele.Nebe/UnitGroupsOfOrders/", "objectType": null, "comment": "", "numberOfDatasets": null, "numberOfObjects": null, "numberOfContributors": null, "sizeCompressed": null, "sizeUncompressed": null, "timeToGenerate": null, "provenance": "", "complete": "", "irredundant": "", "collaborative": "", "searchable": "", "selfExplaining": "", "summaryOfFAIR": "", "findable": null, "accessible": null, "interoperable": null, "reusable": null, "authors": [94, 95, 96, 97], "references": [], "tags": [9, 35]}}, {"model": "datasets.collection", "pk": 76, "fields": {"name": "An atlas of fullerenes", "description": "The atlas covers methods for generating and enumerating fullerene polyhedra and contains a catalog of fullerene isomers", "url": null, "objectType": "fullerene", "comment": "", "numberOfDatasets": null, "numberOfObjects": null, "numberOfContributors": null, "sizeCompressed": null, "sizeUncompressed": null, "timeToGenerate": null, "provenance": "", "complete": "", "irredundant": "", "collaborative": "", "searchable": "", "selfExplaining": "", "summaryOfFAIR": "", "findable": null, "accessible": null, "interoperable": null, "reusable": null, "authors": [98, 99], "references": [19], "tags": []}}, {"model": "datasets.collection", "pk": 77, "fields": {"name": "Table of AME states", "description": "able on the existence of absolutely maximally entangled states (AME) of n parties with D levels each.", "url": "http://www.ametable.net", "objectType": null, "comment": "The database list a type of quantum codes that could be considered to\r\nbe self-dual. More precisely, the table lists pure ((n,1,n/2+1))_D\r\nquantum error correcting codes, both of stabilizer and non-stabilizer\r\ntype.", "numberOfDatasets": 1, "numberOfObjects": null, "numberOfContributors": null, "sizeCompressed": null, "sizeUncompressed": null, "timeToGenerate": null, "provenance": "", "complete": "", "irredundant": "", "collaborative": "", "searchable": "", "selfExplaining": "", "summaryOfFAIR": "", "findable": null, "accessible": null, "interoperable": null, "reusable": null, "authors": [100, 101], "references": [20], "tags": []}}]